DateKey;Date;Day;Month;ShortMonth;MonthNo;Quarter;Year
20050101;1.01.2011;Saturday;January;Jan;1;1;2011
20050102;2.01.2011;Sunday;January;Jan;1;1;2011
20050103;3.01.2011;Monday;January;Jan;1;1;2011
20050104;4.01.2011;Tuesday;January;Jan;1;1;2011
20050105;5.01.2011;Wednesday;January;Jan;1;1;2011
20050106;6.01.2011;Thursday;January;Jan;1;1;2011
20050107;7.01.2011;Friday;January;Jan;1;1;2011
20050108;8.01.2011;Saturday;January;Jan;1;1;2011
20050109;9.01.2011;Sunday;January;Jan;1;1;2011
20050110;10.01.2011;Monday;January;Jan;1;1;2011
20050111;11.01.2011;Tuesday;January;Jan;1;1;2011
20050112;12.01.2011;Wednesday;January;Jan;1;1;2011
20050113;13.01.2011;Thursday;January;Jan;1;1;2011
20050114;14.01.2011;Friday;January;Jan;1;1;2011
20050115;15.01.2011;Saturday;January;Jan;1;1;2011
20050116;16.01.2011;Sunday;January;Jan;1;1;2011
20050117;17.01.2011;Monday;January;Jan;1;1;2011
20050118;18.01.2011;Tuesday;January;Jan;1;1;2011
20050119;19.01.2011;Wednesday;January;Jan;1;1;2011
20050120;20.01.2011;Thursday;January;Jan;1;1;2011
20050121;21.01.2011;Friday;January;Jan;1;1;2011
20050122;22.01.2011;Saturday;January;Jan;1;1;2011
20050123;23.01.2011;Sunday;January;Jan;1;1;2011
20050124;24.01.2011;Monday;January;Jan;1;1;2011
20050125;25.01.2011;Tuesday;January;Jan;1;1;2011
20050126;26.01.2011;Wednesday;January;Jan;1;1;2011
20050127;27.01.2011;Thursday;January;Jan;1;1;2011
20050128;28.01.2011;Friday;January;Jan;1;1;2011
20050129;29.01.2011;Saturday;January;Jan;1;1;2011
20050130;30.01.2011;Sunday;January;Jan;1;1;2011
20050131;31.01.2011;Monday;January;Jan;1;1;2011
20050201;1.02.2011;Tuesday;February;Feb;2;1;2011
20050202;2.02.2011;Wednesday;February;Feb;2;1;2011
20050203;3.02.2011;Thursday;February;Feb;2;1;2011
20050204;4.02.2011;Friday;February;Feb;2;1;2011
20050205;5.02.2011;Saturday;February;Feb;2;1;2011
20050206;6.02.2011;Sunday;February;Feb;2;1;2011
20050207;7.02.2011;Monday;February;Feb;2;1;2011
20050208;8.02.2011;Tuesday;February;Feb;2;1;2011
20050209;9.02.2011;Wednesday;February;Feb;2;1;2011
20050210;10.02.2011;Thursday;February;Feb;2;1;2011
20050211;11.02.2011;Friday;February;Feb;2;1;2011
20050212;12.02.2011;Saturday;February;Feb;2;1;2011
20050213;13.02.2011;Sunday;February;Feb;2;1;2011
20050214;14.02.2011;Monday;February;Feb;2;1;2011
20050215;15.02.2011;Tuesday;February;Feb;2;1;2011
20050216;16.02.2011;Wednesday;February;Feb;2;1;2011
20050217;17.02.2011;Thursday;February;Feb;2;1;2011
20050218;18.02.2011;Friday;February;Feb;2;1;2011
20050219;19.02.2011;Saturday;February;Feb;2;1;2011
20050220;20.02.2011;Sunday;February;Feb;2;1;2011
20050221;21.02.2011;Monday;February;Feb;2;1;2011
20050222;22.02.2011;Tuesday;February;Feb;2;1;2011
20050223;23.02.2011;Wednesday;February;Feb;2;1;2011
20050224;24.02.2011;Thursday;February;Feb;2;1;2011
20050225;25.02.2011;Friday;February;Feb;2;1;2011
20050226;26.02.2011;Saturday;February;Feb;2;1;2011
20050227;27.02.2011;Sunday;February;Feb;2;1;2011
20050228;28.02.2011;Monday;February;Feb;2;1;2011
20050301;1.03.2011;Tuesday;March;Mar;3;1;2011
20050302;2.03.2011;Wednesday;March;Mar;3;1;2011
20050303;3.03.2011;Thursday;March;Mar;3;1;2011
20050304;4.03.2011;Friday;March;Mar;3;1;2011
20050305;5.03.2011;Saturday;March;Mar;3;1;2011
20050306;6.03.2011;Sunday;March;Mar;3;1;2011
20050307;7.03.2011;Monday;March;Mar;3;1;2011
20050308;8.03.2011;Tuesday;March;Mar;3;1;2011
20050309;9.03.2011;Wednesday;March;Mar;3;1;2011
20050310;10.03.2011;Thursday;March;Mar;3;1;2011
20050311;11.03.2011;Friday;March;Mar;3;1;2011
20050312;12.03.2011;Saturday;March;Mar;3;1;2011
20050313;13.03.2011;Sunday;March;Mar;3;1;2011
20050314;14.03.2011;Monday;March;Mar;3;1;2011
20050315;15.03.2011;Tuesday;March;Mar;3;1;2011
20050316;16.03.2011;Wednesday;March;Mar;3;1;2011
20050317;17.03.2011;Thursday;March;Mar;3;1;2011
20050318;18.03.2011;Friday;March;Mar;3;1;2011
20050319;19.03.2011;Saturday;March;Mar;3;1;2011
20050320;20.03.2011;Sunday;March;Mar;3;1;2011
20050321;21.03.2011;Monday;March;Mar;3;1;2011
20050322;22.03.2011;Tuesday;March;Mar;3;1;2011
20050323;23.03.2011;Wednesday;March;Mar;3;1;2011
20050324;24.03.2011;Thursday;March;Mar;3;1;2011
20050325;25.03.2011;Friday;March;Mar;3;1;2011
20050326;26.03.2011;Saturday;March;Mar;3;1;2011
20050327;27.03.2011;Sunday;March;Mar;3;1;2011
20050328;28.03.2011;Monday;March;Mar;3;1;2011
20050329;29.03.2011;Tuesday;March;Mar;3;1;2011
20050330;30.03.2011;Wednesday;March;Mar;3;1;2011
20050331;31.03.2011;Thursday;March;Mar;3;1;2011
20050401;1.04.2011;Friday;April;Apr;4;2;2011
20050402;2.04.2011;Saturday;April;Apr;4;2;2011
20050403;3.04.2011;Sunday;April;Apr;4;2;2011
20050404;4.04.2011;Monday;April;Apr;4;2;2011
20050405;5.04.2011;Tuesday;April;Apr;4;2;2011
20050406;6.04.2011;Wednesday;April;Apr;4;2;2011
20050407;7.04.2011;Thursday;April;Apr;4;2;2011
20050408;8.04.2011;Friday;April;Apr;4;2;2011
20050409;9.04.2011;Saturday;April;Apr;4;2;2011
20050410;10.04.2011;Sunday;April;Apr;4;2;2011
20050411;11.04.2011;Monday;April;Apr;4;2;2011
20050412;12.04.2011;Tuesday;April;Apr;4;2;2011
20050413;13.04.2011;Wednesday;April;Apr;4;2;2011
20050414;14.04.2011;Thursday;April;Apr;4;2;2011
20050415;15.04.2011;Friday;April;Apr;4;2;2011
20050416;16.04.2011;Saturday;April;Apr;4;2;2011
20050417;17.04.2011;Sunday;April;Apr;4;2;2011
20050418;18.04.2011;Monday;April;Apr;4;2;2011
20050419;19.04.2011;Tuesday;April;Apr;4;2;2011
20050420;20.04.2011;Wednesday;April;Apr;4;2;2011
20050421;21.04.2011;Thursday;April;Apr;4;2;2011
20050422;22.04.2011;Friday;April;Apr;4;2;2011
20050423;23.04.2011;Saturday;April;Apr;4;2;2011
20050424;24.04.2011;Sunday;April;Apr;4;2;2011
20050425;25.04.2011;Monday;April;Apr;4;2;2011
20050426;26.04.2011;Tuesday;April;Apr;4;2;2011
20050427;27.04.2011;Wednesday;April;Apr;4;2;2011
20050428;28.04.2011;Thursday;April;Apr;4;2;2011
20050429;29.04.2011;Friday;April;Apr;4;2;2011
20050430;30.04.2011;Saturday;April;Apr;4;2;2011
20050501;1.05.2011;Sunday;May;May;5;2;2011
20050502;2.05.2011;Monday;May;May;5;2;2011
20050503;3.05.2011;Tuesday;May;May;5;2;2011
20050504;4.05.2011;Wednesday;May;May;5;2;2011
20050505;5.05.2011;Thursday;May;May;5;2;2011
20050506;6.05.2011;Friday;May;May;5;2;2011
20050507;7.05.2011;Saturday;May;May;5;2;2011
20050508;8.05.2011;Sunday;May;May;5;2;2011
20050509;9.05.2011;Monday;May;May;5;2;2011
20050510;10.05.2011;Tuesday;May;May;5;2;2011
20050511;11.05.2011;Wednesday;May;May;5;2;2011
20050512;12.05.2011;Thursday;May;May;5;2;2011
20050513;13.05.2011;Friday;May;May;5;2;2011
20050514;14.05.2011;Saturday;May;May;5;2;2011
20050515;15.05.2011;Sunday;May;May;5;2;2011
20050516;16.05.2011;Monday;May;May;5;2;2011
20050517;17.05.2011;Tuesday;May;May;5;2;2011
20050518;18.05.2011;Wednesday;May;May;5;2;2011
20050519;19.05.2011;Thursday;May;May;5;2;2011
20050520;20.05.2011;Friday;May;May;5;2;2011
20050521;21.05.2011;Saturday;May;May;5;2;2011
20050522;22.05.2011;Sunday;May;May;5;2;2011
20050523;23.05.2011;Monday;May;May;5;2;2011
20050524;24.05.2011;Tuesday;May;May;5;2;2011
20050525;25.05.2011;Wednesday;May;May;5;2;2011
20050526;26.05.2011;Thursday;May;May;5;2;2011
20050527;27.05.2011;Friday;May;May;5;2;2011
20050528;28.05.2011;Saturday;May;May;5;2;2011
20050529;29.05.2011;Sunday;May;May;5;2;2011
20050530;30.05.2011;Monday;May;May;5;2;2011
20050531;31.05.2011;Tuesday;May;May;5;2;2011
20050601;1.06.2011;Wednesday;June;Jun;6;2;2011
20050602;2.06.2011;Thursday;June;Jun;6;2;2011
20050603;3.06.2011;Friday;June;Jun;6;2;2011
20050604;4.06.2011;Saturday;June;Jun;6;2;2011
20050605;5.06.2011;Sunday;June;Jun;6;2;2011
20050606;6.06.2011;Monday;June;Jun;6;2;2011
20050607;7.06.2011;Tuesday;June;Jun;6;2;2011
20050608;8.06.2011;Wednesday;June;Jun;6;2;2011
20050609;9.06.2011;Thursday;June;Jun;6;2;2011
20050610;10.06.2011;Friday;June;Jun;6;2;2011
20050611;11.06.2011;Saturday;June;Jun;6;2;2011
20050612;12.06.2011;Sunday;June;Jun;6;2;2011
20050613;13.06.2011;Monday;June;Jun;6;2;2011
20050614;14.06.2011;Tuesday;June;Jun;6;2;2011
20050615;15.06.2011;Wednesday;June;Jun;6;2;2011
20050616;16.06.2011;Thursday;June;Jun;6;2;2011
20050617;17.06.2011;Friday;June;Jun;6;2;2011
20050618;18.06.2011;Saturday;June;Jun;6;2;2011
20050619;19.06.2011;Sunday;June;Jun;6;2;2011
20050620;20.06.2011;Monday;June;Jun;6;2;2011
20050621;21.06.2011;Tuesday;June;Jun;6;2;2011
20050622;22.06.2011;Wednesday;June;Jun;6;2;2011
20050623;23.06.2011;Thursday;June;Jun;6;2;2011
20050624;24.06.2011;Friday;June;Jun;6;2;2011
20050625;25.06.2011;Saturday;June;Jun;6;2;2011
20050626;26.06.2011;Sunday;June;Jun;6;2;2011
20050627;27.06.2011;Monday;June;Jun;6;2;2011
20050628;28.06.2011;Tuesday;June;Jun;6;2;2011
20050629;29.06.2011;Wednesday;June;Jun;6;2;2011
20050630;30.06.2011;Thursday;June;Jun;6;2;2011
20050701;1.07.2011;Friday;July;Jul;7;3;2011
20050702;2.07.2011;Saturday;July;Jul;7;3;2011
20050703;3.07.2011;Sunday;July;Jul;7;3;2011
20050704;4.07.2011;Monday;July;Jul;7;3;2011
20050705;5.07.2011;Tuesday;July;Jul;7;3;2011
20050706;6.07.2011;Wednesday;July;Jul;7;3;2011
20050707;7.07.2011;Thursday;July;Jul;7;3;2011
20050708;8.07.2011;Friday;July;Jul;7;3;2011
20050709;9.07.2011;Saturday;July;Jul;7;3;2011
20050710;10.07.2011;Sunday;July;Jul;7;3;2011
20050711;11.07.2011;Monday;July;Jul;7;3;2011
20050712;12.07.2011;Tuesday;July;Jul;7;3;2011
20050713;13.07.2011;Wednesday;July;Jul;7;3;2011
20050714;14.07.2011;Thursday;July;Jul;7;3;2011
20050715;15.07.2011;Friday;July;Jul;7;3;2011
20050716;16.07.2011;Saturday;July;Jul;7;3;2011
20050717;17.07.2011;Sunday;July;Jul;7;3;2011
20050718;18.07.2011;Monday;July;Jul;7;3;2011
20050719;19.07.2011;Tuesday;July;Jul;7;3;2011
20050720;20.07.2011;Wednesday;July;Jul;7;3;2011
20050721;21.07.2011;Thursday;July;Jul;7;3;2011
20050722;22.07.2011;Friday;July;Jul;7;3;2011
20050723;23.07.2011;Saturday;July;Jul;7;3;2011
20050724;24.07.2011;Sunday;July;Jul;7;3;2011
20050725;25.07.2011;Monday;July;Jul;7;3;2011
20050726;26.07.2011;Tuesday;July;Jul;7;3;2011
20050727;27.07.2011;Wednesday;July;Jul;7;3;2011
20050728;28.07.2011;Thursday;July;Jul;7;3;2011
20050729;29.07.2011;Friday;July;Jul;7;3;2011
20050730;30.07.2011;Saturday;July;Jul;7;3;2011
20050731;31.07.2011;Sunday;July;Jul;7;3;2011
20050801;1.08.2011;Monday;August;Aug;8;3;2011
20050802;2.08.2011;Tuesday;August;Aug;8;3;2011
20050803;3.08.2011;Wednesday;August;Aug;8;3;2011
20050804;4.08.2011;Thursday;August;Aug;8;3;2011
20050805;5.08.2011;Friday;August;Aug;8;3;2011
20050806;6.08.2011;Saturday;August;Aug;8;3;2011
20050807;7.08.2011;Sunday;August;Aug;8;3;2011
20050808;8.08.2011;Monday;August;Aug;8;3;2011
20050809;9.08.2011;Tuesday;August;Aug;8;3;2011
20050810;10.08.2011;Wednesday;August;Aug;8;3;2011
20050811;11.08.2011;Thursday;August;Aug;8;3;2011
20050812;12.08.2011;Friday;August;Aug;8;3;2011
20050813;13.08.2011;Saturday;August;Aug;8;3;2011
20050814;14.08.2011;Sunday;August;Aug;8;3;2011
20050815;15.08.2011;Monday;August;Aug;8;3;2011
20050816;16.08.2011;Tuesday;August;Aug;8;3;2011
20050817;17.08.2011;Wednesday;August;Aug;8;3;2011
20050818;18.08.2011;Thursday;August;Aug;8;3;2011
20050819;19.08.2011;Friday;August;Aug;8;3;2011
20050820;20.08.2011;Saturday;August;Aug;8;3;2011
20050821;21.08.2011;Sunday;August;Aug;8;3;2011
20050822;22.08.2011;Monday;August;Aug;8;3;2011
20050823;23.08.2011;Tuesday;August;Aug;8;3;2011
20050824;24.08.2011;Wednesday;August;Aug;8;3;2011
20050825;25.08.2011;Thursday;August;Aug;8;3;2011
20050826;26.08.2011;Friday;August;Aug;8;3;2011
20050827;27.08.2011;Saturday;August;Aug;8;3;2011
20050828;28.08.2011;Sunday;August;Aug;8;3;2011
20050829;29.08.2011;Monday;August;Aug;8;3;2011
20050830;30.08.2011;Tuesday;August;Aug;8;3;2011
20050831;31.08.2011;Wednesday;August;Aug;8;3;2011
20050901;1.09.2011;Thursday;September;Sep;9;3;2011
20050902;2.09.2011;Friday;September;Sep;9;3;2011
20050903;3.09.2011;Saturday;September;Sep;9;3;2011
20050904;4.09.2011;Sunday;September;Sep;9;3;2011
20050905;5.09.2011;Monday;September;Sep;9;3;2011
20050906;6.09.2011;Tuesday;September;Sep;9;3;2011
20050907;7.09.2011;Wednesday;September;Sep;9;3;2011
20050908;8.09.2011;Thursday;September;Sep;9;3;2011
20050909;9.09.2011;Friday;September;Sep;9;3;2011
20050910;10.09.2011;Saturday;September;Sep;9;3;2011
20050911;11.09.2011;Sunday;September;Sep;9;3;2011
20050912;12.09.2011;Monday;September;Sep;9;3;2011
20050913;13.09.2011;Tuesday;September;Sep;9;3;2011
20050914;14.09.2011;Wednesday;September;Sep;9;3;2011
20050915;15.09.2011;Thursday;September;Sep;9;3;2011
20050916;16.09.2011;Friday;September;Sep;9;3;2011
20050917;17.09.2011;Saturday;September;Sep;9;3;2011
20050918;18.09.2011;Sunday;September;Sep;9;3;2011
20050919;19.09.2011;Monday;September;Sep;9;3;2011
20050920;20.09.2011;Tuesday;September;Sep;9;3;2011
20050921;21.09.2011;Wednesday;September;Sep;9;3;2011
20050922;22.09.2011;Thursday;September;Sep;9;3;2011
20050923;23.09.2011;Friday;September;Sep;9;3;2011
20050924;24.09.2011;Saturday;September;Sep;9;3;2011
20050925;25.09.2011;Sunday;September;Sep;9;3;2011
20050926;26.09.2011;Monday;September;Sep;9;3;2011
20050927;27.09.2011;Tuesday;September;Sep;9;3;2011
20050928;28.09.2011;Wednesday;September;Sep;9;3;2011
20050929;29.09.2011;Thursday;September;Sep;9;3;2011
20050930;30.09.2011;Friday;September;Sep;9;3;2011
20051001;1.10.2011;Saturday;October;Oct;10;4;2011
20051002;2.10.2011;Sunday;October;Oct;10;4;2011
20051003;3.10.2011;Monday;October;Oct;10;4;2011
20051004;4.10.2011;Tuesday;October;Oct;10;4;2011
20051005;5.10.2011;Wednesday;October;Oct;10;4;2011
20051006;6.10.2011;Thursday;October;Oct;10;4;2011
20051007;7.10.2011;Friday;October;Oct;10;4;2011
20051008;8.10.2011;Saturday;October;Oct;10;4;2011
20051009;9.10.2011;Sunday;October;Oct;10;4;2011
20051010;10.10.2011;Monday;October;Oct;10;4;2011
20051011;11.10.2011;Tuesday;October;Oct;10;4;2011
20051012;12.10.2011;Wednesday;October;Oct;10;4;2011
20051013;13.10.2011;Thursday;October;Oct;10;4;2011
20051014;14.10.2011;Friday;October;Oct;10;4;2011
20051015;15.10.2011;Saturday;October;Oct;10;4;2011
20051016;16.10.2011;Sunday;October;Oct;10;4;2011
20051017;17.10.2011;Monday;October;Oct;10;4;2011
20051018;18.10.2011;Tuesday;October;Oct;10;4;2011
20051019;19.10.2011;Wednesday;October;Oct;10;4;2011
20051020;20.10.2011;Thursday;October;Oct;10;4;2011
20051021;21.10.2011;Friday;October;Oct;10;4;2011
20051022;22.10.2011;Saturday;October;Oct;10;4;2011
20051023;23.10.2011;Sunday;October;Oct;10;4;2011
20051024;24.10.2011;Monday;October;Oct;10;4;2011
20051025;25.10.2011;Tuesday;October;Oct;10;4;2011
20051026;26.10.2011;Wednesday;October;Oct;10;4;2011
20051027;27.10.2011;Thursday;October;Oct;10;4;2011
20051028;28.10.2011;Friday;October;Oct;10;4;2011
20051029;29.10.2011;Saturday;October;Oct;10;4;2011
20051030;30.10.2011;Sunday;October;Oct;10;4;2011
20051031;31.10.2011;Monday;October;Oct;10;4;2011
20051101;1.11.2011;Tuesday;November;Nov;11;4;2011
20051102;2.11.2011;Wednesday;November;Nov;11;4;2011
20051103;3.11.2011;Thursday;November;Nov;11;4;2011
20051104;4.11.2011;Friday;November;Nov;11;4;2011
20051105;5.11.2011;Saturday;November;Nov;11;4;2011
20051106;6.11.2011;Sunday;November;Nov;11;4;2011
20051107;7.11.2011;Monday;November;Nov;11;4;2011
20051108;8.11.2011;Tuesday;November;Nov;11;4;2011
20051109;9.11.2011;Wednesday;November;Nov;11;4;2011
20051110;10.11.2011;Thursday;November;Nov;11;4;2011
20051111;11.11.2011;Friday;November;Nov;11;4;2011
20051112;12.11.2011;Saturday;November;Nov;11;4;2011
20051113;13.11.2011;Sunday;November;Nov;11;4;2011
20051114;14.11.2011;Monday;November;Nov;11;4;2011
20051115;15.11.2011;Tuesday;November;Nov;11;4;2011
20051116;16.11.2011;Wednesday;November;Nov;11;4;2011
20051117;17.11.2011;Thursday;November;Nov;11;4;2011
20051118;18.11.2011;Friday;November;Nov;11;4;2011
20051119;19.11.2011;Saturday;November;Nov;11;4;2011
20051120;20.11.2011;Sunday;November;Nov;11;4;2011
20051121;21.11.2011;Monday;November;Nov;11;4;2011
20051122;22.11.2011;Tuesday;November;Nov;11;4;2011
20051123;23.11.2011;Wednesday;November;Nov;11;4;2011
20051124;24.11.2011;Thursday;November;Nov;11;4;2011
20051125;25.11.2011;Friday;November;Nov;11;4;2011
20051126;26.11.2011;Saturday;November;Nov;11;4;2011
20051127;27.11.2011;Sunday;November;Nov;11;4;2011
20051128;28.11.2011;Monday;November;Nov;11;4;2011
20051129;29.11.2011;Tuesday;November;Nov;11;4;2011
20051130;30.11.2011;Wednesday;November;Nov;11;4;2011
20051201;1.12.2011;Thursday;December;Dec;12;4;2011
20051202;2.12.2011;Friday;December;Dec;12;4;2011
20051203;3.12.2011;Saturday;December;Dec;12;4;2011
20051204;4.12.2011;Sunday;December;Dec;12;4;2011
20051205;5.12.2011;Monday;December;Dec;12;4;2011
20051206;6.12.2011;Tuesday;December;Dec;12;4;2011
20051207;7.12.2011;Wednesday;December;Dec;12;4;2011
20051208;8.12.2011;Thursday;December;Dec;12;4;2011
20051209;9.12.2011;Friday;December;Dec;12;4;2011
20051210;10.12.2011;Saturday;December;Dec;12;4;2011
20051211;11.12.2011;Sunday;December;Dec;12;4;2011
20051212;12.12.2011;Monday;December;Dec;12;4;2011
20051213;13.12.2011;Tuesday;December;Dec;12;4;2011
20051214;14.12.2011;Wednesday;December;Dec;12;4;2011
20051215;15.12.2011;Thursday;December;Dec;12;4;2011
20051216;16.12.2011;Friday;December;Dec;12;4;2011
20051217;17.12.2011;Saturday;December;Dec;12;4;2011
20051218;18.12.2011;Sunday;December;Dec;12;4;2011
20051219;19.12.2011;Monday;December;Dec;12;4;2011
20051220;20.12.2011;Tuesday;December;Dec;12;4;2011
20051221;21.12.2011;Wednesday;December;Dec;12;4;2011
20051222;22.12.2011;Thursday;December;Dec;12;4;2011
20051223;23.12.2011;Friday;December;Dec;12;4;2011
20051224;24.12.2011;Saturday;December;Dec;12;4;2011
20051225;25.12.2011;Sunday;December;Dec;12;4;2011
20051226;26.12.2011;Monday;December;Dec;12;4;2011
20051227;27.12.2011;Tuesday;December;Dec;12;4;2011
20051228;28.12.2011;Wednesday;December;Dec;12;4;2011
20051229;29.12.2011;Thursday;December;Dec;12;4;2011
20051230;30.12.2011;Friday;December;Dec;12;4;2011
20051231;31.12.2011;Saturday;December;Dec;12;4;2011
20060101;1.01.2012;Sunday;January;Jan;1;1;2012
20060102;2.01.2012;Monday;January;Jan;1;1;2012
20060103;3.01.2012;Tuesday;January;Jan;1;1;2012
20060104;4.01.2012;Wednesday;January;Jan;1;1;2012
20060105;5.01.2012;Thursday;January;Jan;1;1;2012
20060106;6.01.2012;Friday;January;Jan;1;1;2012
20060107;7.01.2012;Saturday;January;Jan;1;1;2012
20060108;8.01.2012;Sunday;January;Jan;1;1;2012
20060109;9.01.2012;Monday;January;Jan;1;1;2012
20060110;10.01.2012;Tuesday;January;Jan;1;1;2012
20060111;11.01.2012;Wednesday;January;Jan;1;1;2012
20060112;12.01.2012;Thursday;January;Jan;1;1;2012
20060113;13.01.2012;Friday;January;Jan;1;1;2012
20060114;14.01.2012;Saturday;January;Jan;1;1;2012
20060115;15.01.2012;Sunday;January;Jan;1;1;2012
20060116;16.01.2012;Monday;January;Jan;1;1;2012
20060117;17.01.2012;Tuesday;January;Jan;1;1;2012
20060118;18.01.2012;Wednesday;January;Jan;1;1;2012
20060119;19.01.2012;Thursday;January;Jan;1;1;2012
20060120;20.01.2012;Friday;January;Jan;1;1;2012
20060121;21.01.2012;Saturday;January;Jan;1;1;2012
20060122;22.01.2012;Sunday;January;Jan;1;1;2012
20060123;23.01.2012;Monday;January;Jan;1;1;2012
20060124;24.01.2012;Tuesday;January;Jan;1;1;2012
20060125;25.01.2012;Wednesday;January;Jan;1;1;2012
20060126;26.01.2012;Thursday;January;Jan;1;1;2012
20060127;27.01.2012;Friday;January;Jan;1;1;2012
20060128;28.01.2012;Saturday;January;Jan;1;1;2012
20060129;29.01.2012;Sunday;January;Jan;1;1;2012
20060130;30.01.2012;Monday;January;Jan;1;1;2012
20060131;31.01.2012;Tuesday;January;Jan;1;1;2012
20060201;1.02.2012;Wednesday;February;Feb;2;1;2012
20060202;2.02.2012;Thursday;February;Feb;2;1;2012
20060203;3.02.2012;Friday;February;Feb;2;1;2012
20060204;4.02.2012;Saturday;February;Feb;2;1;2012
20060205;5.02.2012;Sunday;February;Feb;2;1;2012
20060206;6.02.2012;Monday;February;Feb;2;1;2012
20060207;7.02.2012;Tuesday;February;Feb;2;1;2012
20060208;8.02.2012;Wednesday;February;Feb;2;1;2012
20060209;9.02.2012;Thursday;February;Feb;2;1;2012
20060210;10.02.2012;Friday;February;Feb;2;1;2012
20060211;11.02.2012;Saturday;February;Feb;2;1;2012
20060212;12.02.2012;Sunday;February;Feb;2;1;2012
20060213;13.02.2012;Monday;February;Feb;2;1;2012
20060214;14.02.2012;Tuesday;February;Feb;2;1;2012
20060215;15.02.2012;Wednesday;February;Feb;2;1;2012
20060216;16.02.2012;Thursday;February;Feb;2;1;2012
20060217;17.02.2012;Friday;February;Feb;2;1;2012
20060218;18.02.2012;Saturday;February;Feb;2;1;2012
20060219;19.02.2012;Sunday;February;Feb;2;1;2012
20060220;20.02.2012;Monday;February;Feb;2;1;2012
20060221;21.02.2012;Tuesday;February;Feb;2;1;2012
20060222;22.02.2012;Wednesday;February;Feb;2;1;2012
20060223;23.02.2012;Thursday;February;Feb;2;1;2012
20060224;24.02.2012;Friday;February;Feb;2;1;2012
20060225;25.02.2012;Saturday;February;Feb;2;1;2012
20060226;26.02.2012;Sunday;February;Feb;2;1;2012
20060227;27.02.2012;Monday;February;Feb;2;1;2012
20060228;28.02.2012;Tuesday;February;Feb;2;1;2012
20060301;29.02.2012;Wednesday;March;Mar;3;1;2012
20060302;1.03.2012;Thursday;March;Mar;3;1;2012
20060303;2.03.2012;Friday;March;Mar;3;1;2012
20060304;3.03.2012;Saturday;March;Mar;3;1;2012
20060305;4.03.2012;Sunday;March;Mar;3;1;2012
20060306;5.03.2012;Monday;March;Mar;3;1;2012
20060307;6.03.2012;Tuesday;March;Mar;3;1;2012
20060308;7.03.2012;Wednesday;March;Mar;3;1;2012
20060309;8.03.2012;Thursday;March;Mar;3;1;2012
20060310;9.03.2012;Friday;March;Mar;3;1;2012
20060311;10.03.2012;Saturday;March;Mar;3;1;2012
20060312;11.03.2012;Sunday;March;Mar;3;1;2012
20060313;12.03.2012;Monday;March;Mar;3;1;2012
20060314;13.03.2012;Tuesday;March;Mar;3;1;2012
20060315;14.03.2012;Wednesday;March;Mar;3;1;2012
20060316;15.03.2012;Thursday;March;Mar;3;1;2012
20060317;16.03.2012;Friday;March;Mar;3;1;2012
20060318;17.03.2012;Saturday;March;Mar;3;1;2012
20060319;18.03.2012;Sunday;March;Mar;3;1;2012
20060320;19.03.2012;Monday;March;Mar;3;1;2012
20060321;20.03.2012;Tuesday;March;Mar;3;1;2012
20060322;21.03.2012;Wednesday;March;Mar;3;1;2012
20060323;22.03.2012;Thursday;March;Mar;3;1;2012
20060324;23.03.2012;Friday;March;Mar;3;1;2012
20060325;24.03.2012;Saturday;March;Mar;3;1;2012
20060326;25.03.2012;Sunday;March;Mar;3;1;2012
20060327;26.03.2012;Monday;March;Mar;3;1;2012
20060328;27.03.2012;Tuesday;March;Mar;3;1;2012
20060329;28.03.2012;Wednesday;March;Mar;3;1;2012
20060330;29.03.2012;Thursday;March;Mar;3;1;2012
20060331;30.03.2012;Friday;March;Mar;3;1;2012
20060401;31.03.2012;Saturday;April;Apr;4;2;2012
20060402;1.04.2012;Sunday;April;Apr;4;2;2012
20060403;2.04.2012;Monday;April;Apr;4;2;2012
20060404;3.04.2012;Tuesday;April;Apr;4;2;2012
20060405;4.04.2012;Wednesday;April;Apr;4;2;2012
20060406;5.04.2012;Thursday;April;Apr;4;2;2012
20060407;6.04.2012;Friday;April;Apr;4;2;2012
20060408;7.04.2012;Saturday;April;Apr;4;2;2012
20060409;8.04.2012;Sunday;April;Apr;4;2;2012
20060410;9.04.2012;Monday;April;Apr;4;2;2012
20060411;10.04.2012;Tuesday;April;Apr;4;2;2012
20060412;11.04.2012;Wednesday;April;Apr;4;2;2012
20060413;12.04.2012;Thursday;April;Apr;4;2;2012
20060414;13.04.2012;Friday;April;Apr;4;2;2012
20060415;14.04.2012;Saturday;April;Apr;4;2;2012
20060416;15.04.2012;Sunday;April;Apr;4;2;2012
20060417;16.04.2012;Monday;April;Apr;4;2;2012
20060418;17.04.2012;Tuesday;April;Apr;4;2;2012
20060419;18.04.2012;Wednesday;April;Apr;4;2;2012
20060420;19.04.2012;Thursday;April;Apr;4;2;2012
20060421;20.04.2012;Friday;April;Apr;4;2;2012
20060422;21.04.2012;Saturday;April;Apr;4;2;2012
20060423;22.04.2012;Sunday;April;Apr;4;2;2012
20060424;23.04.2012;Monday;April;Apr;4;2;2012
20060425;24.04.2012;Tuesday;April;Apr;4;2;2012
20060426;25.04.2012;Wednesday;April;Apr;4;2;2012
20060427;26.04.2012;Thursday;April;Apr;4;2;2012
20060428;27.04.2012;Friday;April;Apr;4;2;2012
20060429;28.04.2012;Saturday;April;Apr;4;2;2012
20060430;29.04.2012;Sunday;April;Apr;4;2;2012
20060501;30.04.2012;Monday;May;May;5;2;2012
20060502;1.05.2012;Tuesday;May;May;5;2;2012
20060503;2.05.2012;Wednesday;May;May;5;2;2012
20060504;3.05.2012;Thursday;May;May;5;2;2012
20060505;4.05.2012;Friday;May;May;5;2;2012
20060506;5.05.2012;Saturday;May;May;5;2;2012
20060507;6.05.2012;Sunday;May;May;5;2;2012
20060508;7.05.2012;Monday;May;May;5;2;2012
20060509;8.05.2012;Tuesday;May;May;5;2;2012
20060510;9.05.2012;Wednesday;May;May;5;2;2012
20060511;10.05.2012;Thursday;May;May;5;2;2012
20060512;11.05.2012;Friday;May;May;5;2;2012
20060513;12.05.2012;Saturday;May;May;5;2;2012
20060514;13.05.2012;Sunday;May;May;5;2;2012
20060515;14.05.2012;Monday;May;May;5;2;2012
20060516;15.05.2012;Tuesday;May;May;5;2;2012
20060517;16.05.2012;Wednesday;May;May;5;2;2012
20060518;17.05.2012;Thursday;May;May;5;2;2012
20060519;18.05.2012;Friday;May;May;5;2;2012
20060520;19.05.2012;Saturday;May;May;5;2;2012
20060521;20.05.2012;Sunday;May;May;5;2;2012
20060522;21.05.2012;Monday;May;May;5;2;2012
20060523;22.05.2012;Tuesday;May;May;5;2;2012
20060524;23.05.2012;Wednesday;May;May;5;2;2012
20060525;24.05.2012;Thursday;May;May;5;2;2012
20060526;25.05.2012;Friday;May;May;5;2;2012
20060527;26.05.2012;Saturday;May;May;5;2;2012
20060528;27.05.2012;Sunday;May;May;5;2;2012
20060529;28.05.2012;Monday;May;May;5;2;2012
20060530;29.05.2012;Tuesday;May;May;5;2;2012
20060531;30.05.2012;Wednesday;May;May;5;2;2012
20060601;31.05.2012;Thursday;June;Jun;6;2;2012
20060602;1.06.2012;Friday;June;Jun;6;2;2012
20060603;2.06.2012;Saturday;June;Jun;6;2;2012
20060604;3.06.2012;Sunday;June;Jun;6;2;2012
20060605;4.06.2012;Monday;June;Jun;6;2;2012
20060606;5.06.2012;Tuesday;June;Jun;6;2;2012
20060607;6.06.2012;Wednesday;June;Jun;6;2;2012
20060608;7.06.2012;Thursday;June;Jun;6;2;2012
20060609;8.06.2012;Friday;June;Jun;6;2;2012
20060610;9.06.2012;Saturday;June;Jun;6;2;2012
20060611;10.06.2012;Sunday;June;Jun;6;2;2012
20060612;11.06.2012;Monday;June;Jun;6;2;2012
20060613;12.06.2012;Tuesday;June;Jun;6;2;2012
20060614;13.06.2012;Wednesday;June;Jun;6;2;2012
20060615;14.06.2012;Thursday;June;Jun;6;2;2012
20060616;15.06.2012;Friday;June;Jun;6;2;2012
20060617;16.06.2012;Saturday;June;Jun;6;2;2012
20060618;17.06.2012;Sunday;June;Jun;6;2;2012
20060619;18.06.2012;Monday;June;Jun;6;2;2012
20060620;19.06.2012;Tuesday;June;Jun;6;2;2012
20060621;20.06.2012;Wednesday;June;Jun;6;2;2012
20060622;21.06.2012;Thursday;June;Jun;6;2;2012
20060623;22.06.2012;Friday;June;Jun;6;2;2012
20060624;23.06.2012;Saturday;June;Jun;6;2;2012
20060625;24.06.2012;Sunday;June;Jun;6;2;2012
20060626;25.06.2012;Monday;June;Jun;6;2;2012
20060627;26.06.2012;Tuesday;June;Jun;6;2;2012
20060628;27.06.2012;Wednesday;June;Jun;6;2;2012
20060629;28.06.2012;Thursday;June;Jun;6;2;2012
20060630;29.06.2012;Friday;June;Jun;6;2;2012
20060701;30.06.2012;Saturday;July;Jul;7;3;2012
20060702;1.07.2012;Sunday;July;Jul;7;3;2012
20060703;2.07.2012;Monday;July;Jul;7;3;2012
20060704;3.07.2012;Tuesday;July;Jul;7;3;2012
20060705;4.07.2012;Wednesday;July;Jul;7;3;2012
20060706;5.07.2012;Thursday;July;Jul;7;3;2012
20060707;6.07.2012;Friday;July;Jul;7;3;2012
20060708;7.07.2012;Saturday;July;Jul;7;3;2012
20060709;8.07.2012;Sunday;July;Jul;7;3;2012
20060710;9.07.2012;Monday;July;Jul;7;3;2012
20060711;10.07.2012;Tuesday;July;Jul;7;3;2012
20060712;11.07.2012;Wednesday;July;Jul;7;3;2012
20060713;12.07.2012;Thursday;July;Jul;7;3;2012
20060714;13.07.2012;Friday;July;Jul;7;3;2012
20060715;14.07.2012;Saturday;July;Jul;7;3;2012
20060716;15.07.2012;Sunday;July;Jul;7;3;2012
20060717;16.07.2012;Monday;July;Jul;7;3;2012
20060718;17.07.2012;Tuesday;July;Jul;7;3;2012
20060719;18.07.2012;Wednesday;July;Jul;7;3;2012
20060720;19.07.2012;Thursday;July;Jul;7;3;2012
20060721;20.07.2012;Friday;July;Jul;7;3;2012
20060722;21.07.2012;Saturday;July;Jul;7;3;2012
20060723;22.07.2012;Sunday;July;Jul;7;3;2012
20060724;23.07.2012;Monday;July;Jul;7;3;2012
20060725;24.07.2012;Tuesday;July;Jul;7;3;2012
20060726;25.07.2012;Wednesday;July;Jul;7;3;2012
20060727;26.07.2012;Thursday;July;Jul;7;3;2012
20060728;27.07.2012;Friday;July;Jul;7;3;2012
20060729;28.07.2012;Saturday;July;Jul;7;3;2012
20060730;29.07.2012;Sunday;July;Jul;7;3;2012
20060731;30.07.2012;Monday;July;Jul;7;3;2012
20060801;31.07.2012;Tuesday;August;Aug;8;3;2012
20060802;1.08.2012;Wednesday;August;Aug;8;3;2012
20060803;2.08.2012;Thursday;August;Aug;8;3;2012
20060804;3.08.2012;Friday;August;Aug;8;3;2012
20060805;4.08.2012;Saturday;August;Aug;8;3;2012
20060806;5.08.2012;Sunday;August;Aug;8;3;2012
20060807;6.08.2012;Monday;August;Aug;8;3;2012
20060808;7.08.2012;Tuesday;August;Aug;8;3;2012
20060809;8.08.2012;Wednesday;August;Aug;8;3;2012
20060810;9.08.2012;Thursday;August;Aug;8;3;2012
20060811;10.08.2012;Friday;August;Aug;8;3;2012
20060812;11.08.2012;Saturday;August;Aug;8;3;2012
20060813;12.08.2012;Sunday;August;Aug;8;3;2012
20060814;13.08.2012;Monday;August;Aug;8;3;2012
20060815;14.08.2012;Tuesday;August;Aug;8;3;2012
20060816;15.08.2012;Wednesday;August;Aug;8;3;2012
20060817;16.08.2012;Thursday;August;Aug;8;3;2012
20060818;17.08.2012;Friday;August;Aug;8;3;2012
20060819;18.08.2012;Saturday;August;Aug;8;3;2012
20060820;19.08.2012;Sunday;August;Aug;8;3;2012
20060821;20.08.2012;Monday;August;Aug;8;3;2012
20060822;21.08.2012;Tuesday;August;Aug;8;3;2012
20060823;22.08.2012;Wednesday;August;Aug;8;3;2012
20060824;23.08.2012;Thursday;August;Aug;8;3;2012
20060825;24.08.2012;Friday;August;Aug;8;3;2012
20060826;25.08.2012;Saturday;August;Aug;8;3;2012
20060827;26.08.2012;Sunday;August;Aug;8;3;2012
20060828;27.08.2012;Monday;August;Aug;8;3;2012
20060829;28.08.2012;Tuesday;August;Aug;8;3;2012
20060830;29.08.2012;Wednesday;August;Aug;8;3;2012
20060831;30.08.2012;Thursday;August;Aug;8;3;2012
20060901;31.08.2012;Friday;September;Sep;9;3;2012
20060902;1.09.2012;Saturday;September;Sep;9;3;2012
20060903;2.09.2012;Sunday;September;Sep;9;3;2012
20060904;3.09.2012;Monday;September;Sep;9;3;2012
20060905;4.09.2012;Tuesday;September;Sep;9;3;2012
20060906;5.09.2012;Wednesday;September;Sep;9;3;2012
20060907;6.09.2012;Thursday;September;Sep;9;3;2012
20060908;7.09.2012;Friday;September;Sep;9;3;2012
20060909;8.09.2012;Saturday;September;Sep;9;3;2012
20060910;9.09.2012;Sunday;September;Sep;9;3;2012
20060911;10.09.2012;Monday;September;Sep;9;3;2012
20060912;11.09.2012;Tuesday;September;Sep;9;3;2012
20060913;12.09.2012;Wednesday;September;Sep;9;3;2012
20060914;13.09.2012;Thursday;September;Sep;9;3;2012
20060915;14.09.2012;Friday;September;Sep;9;3;2012
20060916;15.09.2012;Saturday;September;Sep;9;3;2012
20060917;16.09.2012;Sunday;September;Sep;9;3;2012
20060918;17.09.2012;Monday;September;Sep;9;3;2012
20060919;18.09.2012;Tuesday;September;Sep;9;3;2012
20060920;19.09.2012;Wednesday;September;Sep;9;3;2012
20060921;20.09.2012;Thursday;September;Sep;9;3;2012
20060922;21.09.2012;Friday;September;Sep;9;3;2012
20060923;22.09.2012;Saturday;September;Sep;9;3;2012
20060924;23.09.2012;Sunday;September;Sep;9;3;2012
20060925;24.09.2012;Monday;September;Sep;9;3;2012
20060926;25.09.2012;Tuesday;September;Sep;9;3;2012
20060927;26.09.2012;Wednesday;September;Sep;9;3;2012
20060928;27.09.2012;Thursday;September;Sep;9;3;2012
20060929;28.09.2012;Friday;September;Sep;9;3;2012
20060930;29.09.2012;Saturday;September;Sep;9;3;2012
20061001;30.09.2012;Sunday;October;Oct;10;4;2012
20061002;1.10.2012;Monday;October;Oct;10;4;2012
20061003;2.10.2012;Tuesday;October;Oct;10;4;2012
20061004;3.10.2012;Wednesday;October;Oct;10;4;2012
20061005;4.10.2012;Thursday;October;Oct;10;4;2012
20061006;5.10.2012;Friday;October;Oct;10;4;2012
20061007;6.10.2012;Saturday;October;Oct;10;4;2012
20061008;7.10.2012;Sunday;October;Oct;10;4;2012
20061009;8.10.2012;Monday;October;Oct;10;4;2012
20061010;9.10.2012;Tuesday;October;Oct;10;4;2012
20061011;10.10.2012;Wednesday;October;Oct;10;4;2012
20061012;11.10.2012;Thursday;October;Oct;10;4;2012
20061013;12.10.2012;Friday;October;Oct;10;4;2012
20061014;13.10.2012;Saturday;October;Oct;10;4;2012
20061015;14.10.2012;Sunday;October;Oct;10;4;2012
20061016;15.10.2012;Monday;October;Oct;10;4;2012
20061017;16.10.2012;Tuesday;October;Oct;10;4;2012
20061018;17.10.2012;Wednesday;October;Oct;10;4;2012
20061019;18.10.2012;Thursday;October;Oct;10;4;2012
20061020;19.10.2012;Friday;October;Oct;10;4;2012
20061021;20.10.2012;Saturday;October;Oct;10;4;2012
20061022;21.10.2012;Sunday;October;Oct;10;4;2012
20061023;22.10.2012;Monday;October;Oct;10;4;2012
20061024;23.10.2012;Tuesday;October;Oct;10;4;2012
20061025;24.10.2012;Wednesday;October;Oct;10;4;2012
20061026;25.10.2012;Thursday;October;Oct;10;4;2012
20061027;26.10.2012;Friday;October;Oct;10;4;2012
20061028;27.10.2012;Saturday;October;Oct;10;4;2012
20061029;28.10.2012;Sunday;October;Oct;10;4;2012
20061030;29.10.2012;Monday;October;Oct;10;4;2012
20061031;30.10.2012;Tuesday;October;Oct;10;4;2012
20061101;31.10.2012;Wednesday;November;Nov;11;4;2012
20061102;1.11.2012;Thursday;November;Nov;11;4;2012
20061103;2.11.2012;Friday;November;Nov;11;4;2012
20061104;3.11.2012;Saturday;November;Nov;11;4;2012
20061105;4.11.2012;Sunday;November;Nov;11;4;2012
20061106;5.11.2012;Monday;November;Nov;11;4;2012
20061107;6.11.2012;Tuesday;November;Nov;11;4;2012
20061108;7.11.2012;Wednesday;November;Nov;11;4;2012
20061109;8.11.2012;Thursday;November;Nov;11;4;2012
20061110;9.11.2012;Friday;November;Nov;11;4;2012
20061111;10.11.2012;Saturday;November;Nov;11;4;2012
20061112;11.11.2012;Sunday;November;Nov;11;4;2012
20061113;12.11.2012;Monday;November;Nov;11;4;2012
20061114;13.11.2012;Tuesday;November;Nov;11;4;2012
20061115;14.11.2012;Wednesday;November;Nov;11;4;2012
20061116;15.11.2012;Thursday;November;Nov;11;4;2012
20061117;16.11.2012;Friday;November;Nov;11;4;2012
20061118;17.11.2012;Saturday;November;Nov;11;4;2012
20061119;18.11.2012;Sunday;November;Nov;11;4;2012
20061120;19.11.2012;Monday;November;Nov;11;4;2012
20061121;20.11.2012;Tuesday;November;Nov;11;4;2012
20061122;21.11.2012;Wednesday;November;Nov;11;4;2012
20061123;22.11.2012;Thursday;November;Nov;11;4;2012
20061124;23.11.2012;Friday;November;Nov;11;4;2012
20061125;24.11.2012;Saturday;November;Nov;11;4;2012
20061126;25.11.2012;Sunday;November;Nov;11;4;2012
20061127;26.11.2012;Monday;November;Nov;11;4;2012
20061128;27.11.2012;Tuesday;November;Nov;11;4;2012
20061129;28.11.2012;Wednesday;November;Nov;11;4;2012
20061130;29.11.2012;Thursday;November;Nov;11;4;2012
20061201;30.11.2012;Friday;December;Dec;12;4;2012
20061202;1.12.2012;Saturday;December;Dec;12;4;2012
20061203;2.12.2012;Sunday;December;Dec;12;4;2012
20061204;3.12.2012;Monday;December;Dec;12;4;2012
20061205;4.12.2012;Tuesday;December;Dec;12;4;2012
20061206;5.12.2012;Wednesday;December;Dec;12;4;2012
20061207;6.12.2012;Thursday;December;Dec;12;4;2012
20061208;7.12.2012;Friday;December;Dec;12;4;2012
20061209;8.12.2012;Saturday;December;Dec;12;4;2012
20061210;9.12.2012;Sunday;December;Dec;12;4;2012
20061211;10.12.2012;Monday;December;Dec;12;4;2012
20061212;11.12.2012;Tuesday;December;Dec;12;4;2012
20061213;12.12.2012;Wednesday;December;Dec;12;4;2012
20061214;13.12.2012;Thursday;December;Dec;12;4;2012
20061215;14.12.2012;Friday;December;Dec;12;4;2012
20061216;15.12.2012;Saturday;December;Dec;12;4;2012
20061217;16.12.2012;Sunday;December;Dec;12;4;2012
20061218;17.12.2012;Monday;December;Dec;12;4;2012
20061219;18.12.2012;Tuesday;December;Dec;12;4;2012
20061220;19.12.2012;Wednesday;December;Dec;12;4;2012
20061221;20.12.2012;Thursday;December;Dec;12;4;2012
20061222;21.12.2012;Friday;December;Dec;12;4;2012
20061223;22.12.2012;Saturday;December;Dec;12;4;2012
20061224;23.12.2012;Sunday;December;Dec;12;4;2012
20061225;24.12.2012;Monday;December;Dec;12;4;2012
20061226;25.12.2012;Tuesday;December;Dec;12;4;2012
20061227;26.12.2012;Wednesday;December;Dec;12;4;2012
20061228;27.12.2012;Thursday;December;Dec;12;4;2012
20061229;28.12.2012;Friday;December;Dec;12;4;2012
20061230;29.12.2012;Saturday;December;Dec;12;4;2012
20061231;30.12.2012;Sunday;December;Dec;12;4;2012
20070101;31.12.2012;Monday;January;Jan;1;1;2013
20070102;1.01.2013;Tuesday;January;Jan;1;1;2013
20070103;2.01.2013;Wednesday;January;Jan;1;1;2013
20070104;3.01.2013;Thursday;January;Jan;1;1;2013
20070105;4.01.2013;Friday;January;Jan;1;1;2013
20070106;5.01.2013;Saturday;January;Jan;1;1;2013
20070107;6.01.2013;Sunday;January;Jan;1;1;2013
20070108;7.01.2013;Monday;January;Jan;1;1;2013
20070109;8.01.2013;Tuesday;January;Jan;1;1;2013
20070110;9.01.2013;Wednesday;January;Jan;1;1;2013
20070111;10.01.2013;Thursday;January;Jan;1;1;2013
20070112;11.01.2013;Friday;January;Jan;1;1;2013
20070113;12.01.2013;Saturday;January;Jan;1;1;2013
20070114;13.01.2013;Sunday;January;Jan;1;1;2013
20070115;14.01.2013;Monday;January;Jan;1;1;2013
20070116;15.01.2013;Tuesday;January;Jan;1;1;2013
20070117;16.01.2013;Wednesday;January;Jan;1;1;2013
20070118;17.01.2013;Thursday;January;Jan;1;1;2013
20070119;18.01.2013;Friday;January;Jan;1;1;2013
20070120;19.01.2013;Saturday;January;Jan;1;1;2013
20070121;20.01.2013;Sunday;January;Jan;1;1;2013
20070122;21.01.2013;Monday;January;Jan;1;1;2013
20070123;22.01.2013;Tuesday;January;Jan;1;1;2013
20070124;23.01.2013;Wednesday;January;Jan;1;1;2013
20070125;24.01.2013;Thursday;January;Jan;1;1;2013
20070126;25.01.2013;Friday;January;Jan;1;1;2013
20070127;26.01.2013;Saturday;January;Jan;1;1;2013
20070128;27.01.2013;Sunday;January;Jan;1;1;2013
20070129;28.01.2013;Monday;January;Jan;1;1;2013
20070130;29.01.2013;Tuesday;January;Jan;1;1;2013
20070131;30.01.2013;Wednesday;January;Jan;1;1;2013
20070201;31.01.2013;Thursday;February;Feb;2;1;2013
20070202;1.02.2013;Friday;February;Feb;2;1;2013
20070203;2.02.2013;Saturday;February;Feb;2;1;2013
20070204;3.02.2013;Sunday;February;Feb;2;1;2013
20070205;4.02.2013;Monday;February;Feb;2;1;2013
20070206;5.02.2013;Tuesday;February;Feb;2;1;2013
20070207;6.02.2013;Wednesday;February;Feb;2;1;2013
20070208;7.02.2013;Thursday;February;Feb;2;1;2013
20070209;8.02.2013;Friday;February;Feb;2;1;2013
20070210;9.02.2013;Saturday;February;Feb;2;1;2013
20070211;10.02.2013;Sunday;February;Feb;2;1;2013
20070212;11.02.2013;Monday;February;Feb;2;1;2013
20070213;12.02.2013;Tuesday;February;Feb;2;1;2013
20070214;13.02.2013;Wednesday;February;Feb;2;1;2013
20070215;14.02.2013;Thursday;February;Feb;2;1;2013
20070216;15.02.2013;Friday;February;Feb;2;1;2013
20070217;16.02.2013;Saturday;February;Feb;2;1;2013
20070218;17.02.2013;Sunday;February;Feb;2;1;2013
20070219;18.02.2013;Monday;February;Feb;2;1;2013
20070220;19.02.2013;Tuesday;February;Feb;2;1;2013
20070221;20.02.2013;Wednesday;February;Feb;2;1;2013
20070222;21.02.2013;Thursday;February;Feb;2;1;2013
20070223;22.02.2013;Friday;February;Feb;2;1;2013
20070224;23.02.2013;Saturday;February;Feb;2;1;2013
20070225;24.02.2013;Sunday;February;Feb;2;1;2013
20070226;25.02.2013;Monday;February;Feb;2;1;2013
20070227;26.02.2013;Tuesday;February;Feb;2;1;2013
20070228;27.02.2013;Wednesday;February;Feb;2;1;2013
20070301;28.02.2013;Thursday;March;Mar;3;1;2013
20070302;1.03.2013;Friday;March;Mar;3;1;2013
20070303;2.03.2013;Saturday;March;Mar;3;1;2013
20070304;3.03.2013;Sunday;March;Mar;3;1;2013
20070305;4.03.2013;Monday;March;Mar;3;1;2013
20070306;5.03.2013;Tuesday;March;Mar;3;1;2013
20070307;6.03.2013;Wednesday;March;Mar;3;1;2013
20070308;7.03.2013;Thursday;March;Mar;3;1;2013
20070309;8.03.2013;Friday;March;Mar;3;1;2013
20070310;9.03.2013;Saturday;March;Mar;3;1;2013
20070311;10.03.2013;Sunday;March;Mar;3;1;2013
20070312;11.03.2013;Monday;March;Mar;3;1;2013
20070313;12.03.2013;Tuesday;March;Mar;3;1;2013
20070314;13.03.2013;Wednesday;March;Mar;3;1;2013
20070315;14.03.2013;Thursday;March;Mar;3;1;2013
20070316;15.03.2013;Friday;March;Mar;3;1;2013
20070317;16.03.2013;Saturday;March;Mar;3;1;2013
20070318;17.03.2013;Sunday;March;Mar;3;1;2013
20070319;18.03.2013;Monday;March;Mar;3;1;2013
20070320;19.03.2013;Tuesday;March;Mar;3;1;2013
20070321;20.03.2013;Wednesday;March;Mar;3;1;2013
20070322;21.03.2013;Thursday;March;Mar;3;1;2013
20070323;22.03.2013;Friday;March;Mar;3;1;2013
20070324;23.03.2013;Saturday;March;Mar;3;1;2013
20070325;24.03.2013;Sunday;March;Mar;3;1;2013
20070326;25.03.2013;Monday;March;Mar;3;1;2013
20070327;26.03.2013;Tuesday;March;Mar;3;1;2013
20070328;27.03.2013;Wednesday;March;Mar;3;1;2013
20070329;28.03.2013;Thursday;March;Mar;3;1;2013
20070330;29.03.2013;Friday;March;Mar;3;1;2013
20070331;30.03.2013;Saturday;March;Mar;3;1;2013
20070401;31.03.2013;Sunday;April;Apr;4;2;2013
20070402;1.04.2013;Monday;April;Apr;4;2;2013
20070403;2.04.2013;Tuesday;April;Apr;4;2;2013
20070404;3.04.2013;Wednesday;April;Apr;4;2;2013
20070405;4.04.2013;Thursday;April;Apr;4;2;2013
20070406;5.04.2013;Friday;April;Apr;4;2;2013
20070407;6.04.2013;Saturday;April;Apr;4;2;2013
20070408;7.04.2013;Sunday;April;Apr;4;2;2013
20070409;8.04.2013;Monday;April;Apr;4;2;2013
20070410;9.04.2013;Tuesday;April;Apr;4;2;2013
20070411;10.04.2013;Wednesday;April;Apr;4;2;2013
20070412;11.04.2013;Thursday;April;Apr;4;2;2013
20070413;12.04.2013;Friday;April;Apr;4;2;2013
20070414;13.04.2013;Saturday;April;Apr;4;2;2013
20070415;14.04.2013;Sunday;April;Apr;4;2;2013
20070416;15.04.2013;Monday;April;Apr;4;2;2013
20070417;16.04.2013;Tuesday;April;Apr;4;2;2013
20070418;17.04.2013;Wednesday;April;Apr;4;2;2013
20070419;18.04.2013;Thursday;April;Apr;4;2;2013
20070420;19.04.2013;Friday;April;Apr;4;2;2013
20070421;20.04.2013;Saturday;April;Apr;4;2;2013
20070422;21.04.2013;Sunday;April;Apr;4;2;2013
20070423;22.04.2013;Monday;April;Apr;4;2;2013
20070424;23.04.2013;Tuesday;April;Apr;4;2;2013
20070425;24.04.2013;Wednesday;April;Apr;4;2;2013
20070426;25.04.2013;Thursday;April;Apr;4;2;2013
20070427;26.04.2013;Friday;April;Apr;4;2;2013
20070428;27.04.2013;Saturday;April;Apr;4;2;2013
20070429;28.04.2013;Sunday;April;Apr;4;2;2013
20070430;29.04.2013;Monday;April;Apr;4;2;2013
20070501;30.04.2013;Tuesday;May;May;5;2;2013
20070502;1.05.2013;Wednesday;May;May;5;2;2013
20070503;2.05.2013;Thursday;May;May;5;2;2013
20070504;3.05.2013;Friday;May;May;5;2;2013
20070505;4.05.2013;Saturday;May;May;5;2;2013
20070506;5.05.2013;Sunday;May;May;5;2;2013
20070507;6.05.2013;Monday;May;May;5;2;2013
20070508;7.05.2013;Tuesday;May;May;5;2;2013
20070509;8.05.2013;Wednesday;May;May;5;2;2013
20070510;9.05.2013;Thursday;May;May;5;2;2013
20070511;10.05.2013;Friday;May;May;5;2;2013
20070512;11.05.2013;Saturday;May;May;5;2;2013
20070513;12.05.2013;Sunday;May;May;5;2;2013
20070514;13.05.2013;Monday;May;May;5;2;2013
20070515;14.05.2013;Tuesday;May;May;5;2;2013
20070516;15.05.2013;Wednesday;May;May;5;2;2013
20070517;16.05.2013;Thursday;May;May;5;2;2013
20070518;17.05.2013;Friday;May;May;5;2;2013
20070519;18.05.2013;Saturday;May;May;5;2;2013
20070520;19.05.2013;Sunday;May;May;5;2;2013
20070521;20.05.2013;Monday;May;May;5;2;2013
20070522;21.05.2013;Tuesday;May;May;5;2;2013
20070523;22.05.2013;Wednesday;May;May;5;2;2013
20070524;23.05.2013;Thursday;May;May;5;2;2013
20070525;24.05.2013;Friday;May;May;5;2;2013
20070526;25.05.2013;Saturday;May;May;5;2;2013
20070527;26.05.2013;Sunday;May;May;5;2;2013
20070528;27.05.2013;Monday;May;May;5;2;2013
20070529;28.05.2013;Tuesday;May;May;5;2;2013
20070530;29.05.2013;Wednesday;May;May;5;2;2013
20070531;30.05.2013;Thursday;May;May;5;2;2013
20070601;31.05.2013;Friday;June;Jun;6;2;2013
20070602;1.06.2013;Saturday;June;Jun;6;2;2013
20070603;2.06.2013;Sunday;June;Jun;6;2;2013
20070604;3.06.2013;Monday;June;Jun;6;2;2013
20070605;4.06.2013;Tuesday;June;Jun;6;2;2013
20070606;5.06.2013;Wednesday;June;Jun;6;2;2013
20070607;6.06.2013;Thursday;June;Jun;6;2;2013
20070608;7.06.2013;Friday;June;Jun;6;2;2013
20070609;8.06.2013;Saturday;June;Jun;6;2;2013
20070610;9.06.2013;Sunday;June;Jun;6;2;2013
20070611;10.06.2013;Monday;June;Jun;6;2;2013
20070612;11.06.2013;Tuesday;June;Jun;6;2;2013
20070613;12.06.2013;Wednesday;June;Jun;6;2;2013
20070614;13.06.2013;Thursday;June;Jun;6;2;2013
20070615;14.06.2013;Friday;June;Jun;6;2;2013
20070616;15.06.2013;Saturday;June;Jun;6;2;2013
20070617;16.06.2013;Sunday;June;Jun;6;2;2013
20070618;17.06.2013;Monday;June;Jun;6;2;2013
20070619;18.06.2013;Tuesday;June;Jun;6;2;2013
20070620;19.06.2013;Wednesday;June;Jun;6;2;2013
20070621;20.06.2013;Thursday;June;Jun;6;2;2013
20070622;21.06.2013;Friday;June;Jun;6;2;2013
20070623;22.06.2013;Saturday;June;Jun;6;2;2013
20070624;23.06.2013;Sunday;June;Jun;6;2;2013
20070625;24.06.2013;Monday;June;Jun;6;2;2013
20070626;25.06.2013;Tuesday;June;Jun;6;2;2013
20070627;26.06.2013;Wednesday;June;Jun;6;2;2013
20070628;27.06.2013;Thursday;June;Jun;6;2;2013
20070629;28.06.2013;Friday;June;Jun;6;2;2013
20070630;29.06.2013;Saturday;June;Jun;6;2;2013
20070701;30.06.2013;Sunday;July;Jul;7;3;2013
20070702;1.07.2013;Monday;July;Jul;7;3;2013
20070703;2.07.2013;Tuesday;July;Jul;7;3;2013
20070704;3.07.2013;Wednesday;July;Jul;7;3;2013
20070705;4.07.2013;Thursday;July;Jul;7;3;2013
20070706;5.07.2013;Friday;July;Jul;7;3;2013
20070707;6.07.2013;Saturday;July;Jul;7;3;2013
20070708;7.07.2013;Sunday;July;Jul;7;3;2013
20070709;8.07.2013;Monday;July;Jul;7;3;2013
20070710;9.07.2013;Tuesday;July;Jul;7;3;2013
20070711;10.07.2013;Wednesday;July;Jul;7;3;2013
20070712;11.07.2013;Thursday;July;Jul;7;3;2013
20070713;12.07.2013;Friday;July;Jul;7;3;2013
20070714;13.07.2013;Saturday;July;Jul;7;3;2013
20070715;14.07.2013;Sunday;July;Jul;7;3;2013
20070716;15.07.2013;Monday;July;Jul;7;3;2013
20070717;16.07.2013;Tuesday;July;Jul;7;3;2013
20070718;17.07.2013;Wednesday;July;Jul;7;3;2013
20070719;18.07.2013;Thursday;July;Jul;7;3;2013
20070720;19.07.2013;Friday;July;Jul;7;3;2013
20070721;20.07.2013;Saturday;July;Jul;7;3;2013
20070722;21.07.2013;Sunday;July;Jul;7;3;2013
20070723;22.07.2013;Monday;July;Jul;7;3;2013
20070724;23.07.2013;Tuesday;July;Jul;7;3;2013
20070725;24.07.2013;Wednesday;July;Jul;7;3;2013
20070726;25.07.2013;Thursday;July;Jul;7;3;2013
20070727;26.07.2013;Friday;July;Jul;7;3;2013
20070728;27.07.2013;Saturday;July;Jul;7;3;2013
20070729;28.07.2013;Sunday;July;Jul;7;3;2013
20070730;29.07.2013;Monday;July;Jul;7;3;2013
20070731;30.07.2013;Tuesday;July;Jul;7;3;2013
20070801;31.07.2013;Wednesday;August;Aug;8;3;2013
20070802;1.08.2013;Thursday;August;Aug;8;3;2013
20070803;2.08.2013;Friday;August;Aug;8;3;2013
20070804;3.08.2013;Saturday;August;Aug;8;3;2013
20070805;4.08.2013;Sunday;August;Aug;8;3;2013
20070806;5.08.2013;Monday;August;Aug;8;3;2013
20070807;6.08.2013;Tuesday;August;Aug;8;3;2013
20070808;7.08.2013;Wednesday;August;Aug;8;3;2013
20070809;8.08.2013;Thursday;August;Aug;8;3;2013
20070810;9.08.2013;Friday;August;Aug;8;3;2013
20070811;10.08.2013;Saturday;August;Aug;8;3;2013
20070812;11.08.2013;Sunday;August;Aug;8;3;2013
20070813;12.08.2013;Monday;August;Aug;8;3;2013
20070814;13.08.2013;Tuesday;August;Aug;8;3;2013
20070815;14.08.2013;Wednesday;August;Aug;8;3;2013
20070816;15.08.2013;Thursday;August;Aug;8;3;2013
20070817;16.08.2013;Friday;August;Aug;8;3;2013
20070818;17.08.2013;Saturday;August;Aug;8;3;2013
20070819;18.08.2013;Sunday;August;Aug;8;3;2013
20070820;19.08.2013;Monday;August;Aug;8;3;2013
20070821;20.08.2013;Tuesday;August;Aug;8;3;2013
20070822;21.08.2013;Wednesday;August;Aug;8;3;2013
20070823;22.08.2013;Thursday;August;Aug;8;3;2013
20070824;23.08.2013;Friday;August;Aug;8;3;2013
20070825;24.08.2013;Saturday;August;Aug;8;3;2013
20070826;25.08.2013;Sunday;August;Aug;8;3;2013
20070827;26.08.2013;Monday;August;Aug;8;3;2013
20070828;27.08.2013;Tuesday;August;Aug;8;3;2013
20070829;28.08.2013;Wednesday;August;Aug;8;3;2013
20070830;29.08.2013;Thursday;August;Aug;8;3;2013
20070831;30.08.2013;Friday;August;Aug;8;3;2013
20070901;31.08.2013;Saturday;September;Sep;9;3;2013
20070902;1.09.2013;Sunday;September;Sep;9;3;2013
20070903;2.09.2013;Monday;September;Sep;9;3;2013
20070904;3.09.2013;Tuesday;September;Sep;9;3;2013
20070905;4.09.2013;Wednesday;September;Sep;9;3;2013
20070906;5.09.2013;Thursday;September;Sep;9;3;2013
20070907;6.09.2013;Friday;September;Sep;9;3;2013
20070908;7.09.2013;Saturday;September;Sep;9;3;2013
20070909;8.09.2013;Sunday;September;Sep;9;3;2013
20070910;9.09.2013;Monday;September;Sep;9;3;2013
20070911;10.09.2013;Tuesday;September;Sep;9;3;2013
20070912;11.09.2013;Wednesday;September;Sep;9;3;2013
20070913;12.09.2013;Thursday;September;Sep;9;3;2013
20070914;13.09.2013;Friday;September;Sep;9;3;2013
20070915;14.09.2013;Saturday;September;Sep;9;3;2013
20070916;15.09.2013;Sunday;September;Sep;9;3;2013
20070917;16.09.2013;Monday;September;Sep;9;3;2013
20070918;17.09.2013;Tuesday;September;Sep;9;3;2013
20070919;18.09.2013;Wednesday;September;Sep;9;3;2013
20070920;19.09.2013;Thursday;September;Sep;9;3;2013
20070921;20.09.2013;Friday;September;Sep;9;3;2013
20070922;21.09.2013;Saturday;September;Sep;9;3;2013
20070923;22.09.2013;Sunday;September;Sep;9;3;2013
20070924;23.09.2013;Monday;September;Sep;9;3;2013
20070925;24.09.2013;Tuesday;September;Sep;9;3;2013
20070926;25.09.2013;Wednesday;September;Sep;9;3;2013
20070927;26.09.2013;Thursday;September;Sep;9;3;2013
